A,0,3,6,9,12,15,,E,E,E,E,E,E,E,E,E,E,E,E,E,E,E,E,E,E,E,E
1,618,619,620,621,622,623,,1,1,1,1,1,2,2,2,2,2,2,3,3,3,3,3,4,4,4,4
2,624,625,626,622,622,627,,0,3,6,9,12,0,3,6,9,12,15,0,3,6,9,15,0,3,6,12
3,624,628,NA,NA,NA,NA,,661,662,663,664,665,666,667,668,669,670,669,662,662,669,671,672,673,674,675,676
4,NA,NA,NA,NA,629,NA,,,,,,,,,,,,,,,,,,,,,
,,,,,,,,,,,,,,,,,,,,,,,,,,,
B,0,3,6,9,12,15,,,,,,,,,,,,,,,,,,,,,
1,NA,630,631,632,633,NA,,,,,,,,,,,,,,,,,,,,,
2,634,635,636,637,638,NA,,,,,,,,,,,,,,,,,,,,,
3,630,627,631,631,639,633,,,,,,,,,,,,,,,,,,,,,
4,640,641,631,642,643,625,,,,,,,,,,,,,,,,,,,,,
,,,,,,,,,,,,,,,,,,,,,,,,,,,
C,0,3,6,9,,,,,,,,,,,,,,,,,,,,,,,
1,644,645,645,645,,,,,,,,,,,,,,,,,,,,,,,
2,646,645,645,645,,,,,,,,,,,,,,,,,,,,,,,
3,647,648,NA,645,,,,,,,,,,,,,,,,,,,,,,,
4,646,645,649,650,,,,,,,,,,,,,,,,,,,,,,,
,,,,,,,,,,,,,,,,,,,,,,,,,,,
D,0,3,6,9,12,,,,,,,,,,,,,,,,,,,,,,
1,650,650,651,652,NA,,,,,,,,,,,,,,,,,,,,,,
2,653,654,655,656,657,,,,,,,,,,,,,,,,,,,,,,
3,658,651,651,659,NA,,,,,,,,,,,,,,,,,,,,,,
4,654,660,654,NA,NA,,,,,,,,,,,,,,,,,,,,,,
,,,,,,,,,,,,,,,,,,,,,,,,,,,
E,0,3,6,9,12,15,,,,,,,,,,,,,,,,,,,,,
1,661,662,663,664,665,NA,,,,,,,,,,,,,,,,,,,,,
2,666,667,668,669,670,669,,,,,,,,,,,,,,,,,,,,,
3,662,662,669,671,NA,672,,,,,,,,,,,,,,,,,,,,,
4,673,674,675,NA,676,NA,,,,,,,,,,,,,,,,,,,,,
